[
    {
        "cityLabel": "נוף הגליל",
        "gps": "Point(35.324722222 32.708055555)",
        "population": "41200",
        "info": "היא עיר בגליל התחתון ובמחוז הצפון של מדינת ישראל."
    },
    {
        "cityLabel": "גבעתיים",
        "gps": "Point(34.811666666 32.069722222)",
        "population": "59518",
        "info": "היא עיר במחוז תל אביב בישראל."
    },
    {
        "cityLabel": "דימונה",
        "gps": "Point(35.03 31.07)",
        "population": "34135",
        "info": "היא עיר במחוז הדרום בישראל, והעיר הגדולה בשטחה בישראל (220 קמ\"ר)."
    },
    {
        "cityLabel": "ירושלים",
        "gps": "Point(35.216666666 31.783333333)",
        "population": "919438",
        "info": "היא עיר הבירה של מדינת ישראל, והעיר הגדולה ביות."
    },
    {
        "cityLabel": "אור עקיבא",
        "gps": "Point(34.916666666 32.5)",
        "population": "17759",
        "info": "היא עיר בנפת חדרה של מחוז חיפה בישראל."
    },
    {
        "cityLabel": "רמת השרון",
        "gps": "Point(34.839444444 32.146111111)",
        "population": "46700",
        "info": "היא עיר במחוז תל אביב בישראל, אשר הוקמה בשנת 1923."
    },
    {
        "cityLabel": "מעלה אדומים",
        "gps": "Point(35.264722222 31.775)",
        "population": "40996",
        "info": "היא התנחלות במעמד של עיר השוכנת בצפון מדבר יהודה, ממזרח לירושלים."
    },
    {
        "cityLabel": "בית שמש",
        "gps": "Point(34.988611111 31.751388888)",
        "population": "114371",
        "info": "היא עיר במחוז ירושלים שבישראל."
    },
    {
        "cityLabel": "נשר",
        "gps": "Point(35.039444444 32.771111111)",
        "population": "23700",
        "info": "הוא סוג בתת-משפחת נשרי העולם הישן של עופות דורסים גדולים ואוכלי נבלות."
    },
    {
        "cityLabel": "שדרות",
        "gps": "Point(34.596944444 31.525)",
        "population": "23090",
        "info": "היא עיר במחוז הדרום ובצפון הנגב המערבי בישראל, בקצה הצפון-מזרחי של עוטף עזה."
    },
    {
        "cityLabel": "נהריה",
        "gps": "Point(35.0925 33.003611111)",
        "population": "60000",
        "info": "היא עיר בגליל המערבי שבמחוז הצפון בישראל והעיר הצפונית ביותר במישור החוף."
    },
    {
        "cityLabel": "אום אל-פחם",
        "gps": "Point(35.1525 32.515833333)",
        "population": "55300",
        "info": "היא עיר ערבית-מוסלמית בנפת."
    },
    {
        "cityLabel": "כפר סבא",
        "gps": "Point(34.907683333 32.185783333)",
        "population": "100800",
        "info": "היא עיר במחוז המרכז בישראל."
    },
    {
        "cityLabel": "חיפה",
        "gps": "Point(34.983333333 32.8)",
        "population": "281087",
        "info": "היא העיר השלישית בגודל אוכלוסייתה בישראל, בעלת אוכלוסייה מעורבת יהודית-ערבית."
    },
    {
        "cityLabel": "קריית ביאליק",
        "gps": "Point(35.066388888 32.833055555)",
        "population": "39900",
        "info": "היא עיר במחוז חיפה בישראל, אחת מהערים המרכיבות את אזור הקריות."
    },
    {
        "cityLabel": "באר שבע",
        "gps": "Point(34.797777777 31.258888888)",
        "population": "209000",
        "info": "היא עיר במחוז הדרום."
    },
    {
        "cityLabel": "פרדס חנה-כרכור",
        "gps": "Point(34.9675 32.471111111)",
        "population": "42100",
        "info": "היא מועצה מקומית במחוז חיפה בישראל, שנוצרה בשנת 1969 מאיחוד שתי המועצות המקומיות פַּרְדֵּס חַנָּה (נוסדה ב-1929) וכַּרְכּו."
    },
    {
        "cityLabel": "אשדוד",
        "gps": "Point(34.650277777 31.797777777)",
        "population": "220174",
        "info": "היא העיר הגדולה במחוז הדרום והשישית בגודלה במדינת ישראל."
    },
    {
        "cityLabel": "עיר הכרמל",
        "gps": "Point(35.040833333 32.693611111)",
        "population": "16778",
        "info": "null"
    },
    {
        "cityLabel": "שפרעם",
        "gps": "Point(35.169444444 32.805555555)",
        "population": "41600",
        "info": "היא עיר במחוז הצפון בישראל."
    },
    {
        "cityLabel": "ערד",
        "gps": "Point(35.214722222 31.260277777)",
        "population": "24436",
        "info": "היא עיר במחוז הדרום בישראל."
    },
    {
        "cityLabel": "כרמיאל",
        "gps": "Point(35.283333333 32.9)",
        "population": "45300",
        "info": "היא עיר במחוז הצפון שבישראל."
    },
    {
        "cityLabel": "יקנעם עילית",
        "gps": "Point(35.11 32.659444444)",
        "population": "21383",
        "info": "היא עיר במחוז הצפון בישראל, הממוקמת בקצה הצפוני של רמות מנשה, בין הכרמל לעמק יזרעאל."
    },
    {
        "cityLabel": "עראבה",
        "gps": "Point(35.338611111 32.851111111)",
        "population": "27000",
        "info": "היא עיר ערבית-מוסלמית במחוז הצפון בישראל, בבקעת סכנין, בצפון הגליל התחתון המרכזי (לב הגליל), כ-7 ק\"מ מדרום-מזרח לכרמיאל, כק\"מ אח."
    },
    {
        "cityLabel": "בת ים",
        "gps": "Point(34.750277777 32.023055555)",
        "population": "128800",
        "info": "היא עיר במחוז תל אביב."
    },
    {
        "cityLabel": "רעננה",
        "gps": "Point(34.866666666 32.183333333)",
        "population": "74000",
        "info": "היא עיר באזור השרון בישראל, השייכת מבחינה מנהלית למחוז המרכז."
    },
    {
        "cityLabel": "בני ברק",
        "gps": "Point(34.8338 32.08074)",
        "population": "193774",
        "info": "היא עיר במחוז תל אביב, השמינית בגודל אוכלוסייתה בישראל והעיר הצפופה ביותר בה."
    },
    {
        "cityLabel": "ראשון לציון",
        "gps": "Point(34.789444444 31.971111111)",
        "population": "249860",
        "info": "היא העיר הרביעית בגודל אוכלוסייתה בישראל."
    },
    {
        "cityLabel": "רהט",
        "gps": "Point(34.754444444 31.3925)",
        "population": "64462",
        "info": "היא עיר במחוז הדרום בישראל, 12 קילומטרים צפונית לבאר שבע, בסמוך ליישובים להבים גבעות בר ולקיבוצים משמר הנגב ושובל."
    },
    {
        "cityLabel": "קריית מוצקין",
        "gps": "Point(35.0775 32.836944444)",
        "population": "40160",
        "info": "היא עיר במחוז חיפה בישראל, אחת מהערים המרכיבות את אזור הקריות."
    },
    {
        "cityLabel": "נצרת",
        "gps": "Point(35.29785 32.702102777)",
        "population": "83400",
        "info": "היא עיר עתיקה במחוז הצפון שבמדינת ישראל, וכיום הי."
    },
    {
        "cityLabel": "פתח תקווה",
        "gps": "Point(34.883333333 32.083333333)",
        "population": "236169",
        "info": "היא עיר במחוז המרכז בישראל והעיר החמישית באוכלוסייתה עם 251,196 תושבים (ע\"פ נתונ."
    },
    {
        "cityLabel": "סח'נין",
        "gps": "Point(35.3 32.866666666)",
        "population": "31100",
        "info": "היא עיר במחוז הצפון בישראל."
    },
    {
        "cityLabel": "קריית מלאכי",
        "gps": "Point(34.75 31.733333333)",
        "population": "23100",
        "info": "היא עיר במחוז הדרום במישור חוף יהודה, בסמוך לצומת מלאכי (\"קסטינה\") המחבר את כביש 40 וכביש 3."
    },
    {
        "cityLabel": "טבריה",
        "gps": "Point(35.524722222 32.789722222)",
        "population": "44200",
        "info": "היא עיר במחוז הצפון בישרא."
    },
    {
        "cityLabel": "באקה-ג'ת",
        "gps": "Point(35.048297222 32.41645)",
        "population": "28125",
        "info": "היא כללה בתוכה את העיר באקה אל-גרבייה ואת המועצה המקומית ג'ת שאוחדו בשנת 2003 כחלק מחוק ה."
    },
    {
        "cityLabel": "יהוד",
        "gps": "Point(34.883333333 32.033333333)",
        "population": "29146",
        "info": "הוא יהוד-מונוסון."
    },
    {
        "cityLabel": "עכו",
        "gps": "Point(35.083888888 32.926111111)",
        "population": "47675",
        "info": "היא עיר במחוז הצפון בישראל, הגובלת מדרום בחופיו הצפוניים של מפרץ עכו וממערב בים התיכון."
    },
    {
        "cityLabel": "עפולה",
        "gps": "Point(35.289722222 32.607777777)",
        "population": "44930",
        "info": "היא עיר במחוז הצפון בישראל."
    },
    {
        "cityLabel": "נתניה",
        "gps": "Point(34.856666666 32.328611111)",
        "population": "217244",
        "info": "היא עיר במחוז המרכז, בשרון, השביעית באוכלוסייתה בערי מדינת ישראל."
    },
    {
        "cityLabel": "אשקלון",
        "gps": "Point(34.566388888 31.665833333)",
        "population": "134454",
        "info": "היא עיר חוף במחוז הדרום בישראל, במישור החוף הדרומי, השוכנת בין הנגב לשפלה."
    },
    {
        "cityLabel": "קריית שמונה",
        "gps": "Point(35.569722222 33.2075)",
        "population": "23076",
        "info": "היא עיר השוכנת באצבע הגליל ושייכת מנהלית למחוז הצפון בישראל."
    },
    {
        "cityLabel": "מטולה",
        "gps": "Point(35.576666666 33.278888888)",
        "population": "1614",
        "info": "היא מועצה מקומית ומושבה בגליל העליון והיישוב הצפוני ביותר במדינת ישראל."
    },
    {
        "cityLabel": "יבנה",
        "gps": "Point(34.733333333 31.883333333)",
        "population": "46700",
        "info": "היא עיר במחוז המרכז בישראל השוכנת במישור החוף הדרומי."
    },
    {
        "cityLabel": "טייבה",
        "gps": "Point(35.0 32.266666666)",
        "population": "43100",
        "info": "היא עיר במחוז המרכז בישראל, כ-9 ק\"מ מצפון-מזרח לכפר סבא, כ-3 ק\"מ מצפון לכוכב יאי."
    },
    {
        "cityLabel": "מודיעין עילית",
        "gps": "Point(35.041666666 31.930555555)",
        "population": "66847",
        "info": "היא התנחלות חרדית, הממוקמת בהרי בנימין ממזרח לקו הירוק, במרחק של כ־6 קילומטרים מהעיר מודיעין-מכבים-רעות."
    },
    {
        "cityLabel": "לוד",
        "gps": "Point(34.9 31.95)",
        "population": "75700",
        "info": "היא עיר במחוז המרכז בישראל, ואחת הערים העתיקות בישראל ובעולם."
    },
    {
        "cityLabel": "בית שאן",
        "gps": "Point(35.498888888 32.496111111)",
        "population": "18200",
        "info": "היא עיר במחוז הצפון בישראל, בבקעת בית שאן, ממזרח לעמק יזרעאל, ממוקמת על כביש 90 כ-25 קילומטר מדרום לים כנרת."
    },
    {
        "cityLabel": "קריית אתא",
        "gps": "Point(35.1 32.8)",
        "population": "55464",
        "info": "היא עיר במחוז חיפה בישראל, והגדולה בערים המרכיבות את אזור הקריות."
    },
    {
        "cityLabel": "רחובות",
        "gps": "Point(34.807777777 31.891388888)",
        "population": "132671",
        "info": "היא עיר במחוז המרכז בישראל."
    },
    {
        "cityLabel": "חולון",
        "gps": "Point(34.766666666 32.016666666)",
        "population": "188834",
        "info": "היא עיר במחוז תל אביב, העשירית בגודל אוכלוסייתה בישראל."
    },
    {
        "cityLabel": "נתיבות",
        "gps": "Point(34.583333333 31.416666666)",
        "population": "31314",
        "info": "היא עיר במחוז הדרום בישראל."
    },
    {
        "cityLabel": "אור יהודה",
        "gps": "Point(34.85 32.033333333)",
        "population": "36706",
        "info": "היא עיר במחוז תל אביב בישראל."
    },
    {
        "cityLabel": "עומר",
        "gps": "Point(34.848888888 31.268333333)",
        "population": "7339",
        "info": "null"
    },
    {
        "cityLabel": "טמרה",
        "gps": "Point(35.207108333 32.851147222)",
        "population": "34000",
        "info": "היא עיר במחוז הצפון בישראל."
    },
    {
        "cityLabel": "רמת גן",
        "gps": "Point(34.823541 32.070007)",
        "population": "152596",
        "info": "היא אחת מהערים המרכזיות במחוז תל אביב בישראל."
    },
    {
        "cityLabel": "מגדל העמק",
        "gps": "Point(35.244444444 32.678611111)",
        "population": "25600",
        "info": "היא עיר במחוז הצפון בישראל."
    },
    {
        "cityLabel": "כפר עקב",
        "gps": "Point(35.219722222 31.875833333)",
        "population": "14315",
        "info": "הוא כפר ערבי ושכונה ירושלמית, הנמצאת בצפון שטחה המוניציפלי של העיר, באזור מזרח ירושלים."
    },
    {
        "cityLabel": "אופקים",
        "gps": "Point(34.616666666 31.283333333)",
        "population": "27771",
        "info": "היא עיר במחוז הדרום בישראל השוכנת 24 ק\"מ צפונית־מערבית לבאר שבע."
    },
    {
        "cityLabel": "קריית אונו",
        "gps": "Point(34.855277777 32.063611111)",
        "population": "37791",
        "info": "היא עיר בבקעת אונו, מחוז תל אביב בישראל, הגובלת בגבעת שמואל מצפון, ברמת גן ממערב, סביון מדרום וממזרח, גני תקווה במזרח ובפתח תקווה מצפון."
    },
    {
        "cityLabel": "הוד השרון",
        "gps": "Point(34.883333333 32.15)",
        "population": "56659",
        "info": "היא עיר בדרום נפת השרון במחוז המרכז בישראל."
    },
    {
        "cityLabel": "גדרה",
        "gps": "Point(34.778333333 31.813888888)",
        "population": "26217",
        "info": "היא מועצה מקומית באזור השפלה הדרומית במחוז המרכז בישראל."
    },
    {
        "cityLabel": "קצרין",
        "gps": "Point(35.690555555 32.9925)",
        "population": "6913",
        "info": "היא מועצה מקומית במחוז הצפון בישראל, הממוקמת במרכזה של רמת הגולן, בגובה של 300 מטר (היישוב) עד 370 מטר (אזור תעשייה) מעל פני הים."
    },
    {
        "cityLabel": "ראש העין",
        "gps": "Point(34.95 32.083333333)",
        "population": "56300",
        "info": "היא עיר במחוז המרכז בישראל."
    },
    {
        "cityLabel": "מעלות-תרשיחא",
        "gps": "Point(35.270833333 33.016666666)",
        "population": "36000",
        "info": "היא עיר במחוז הצפון בישראל, קילומטרים ספורים מגבול ישראל-לבנון, 20 קילומטרים מזרחית לנהריה, 20 קילומטרים מ."
    },
    {
        "cityLabel": "מודיעין־מכבים־רעות",
        "gps": "Point(34.985555555 31.933888888)",
        "population": "90013",
        "info": "null"
    },
    {
        "cityLabel": "כפר קאסם",
        "gps": "Point(34.977222222 32.114166666)",
        "population": "21848",
        "info": "היא עיר ערבית באזור השרון."
    },
    {
        "cityLabel": "צפת",
        "gps": "Point(35.498333333 32.965833333)",
        "population": "35700",
        "info": "היא עיר במחוז הצפון בישראל, הנחשבת לבירת הגליל העליון, ושוכנת באזור הררי בחלקו המזרחי של הגליל."
    },
    {
        "cityLabel": "תל אביב-יפו",
        "gps": "Point(34.78 32.08)",
        "population": "451523",
        "info": "היא עיר במחוז תל אביב בישראל, במישור החוף הדרומי, המרכזית מבין ערי גוש דן והשנייה בגודל אוכ."
    },
    {
        "cityLabel": "חדרה",
        "gps": "Point(34.916666666 32.45)",
        "population": "91708",
        "info": "היא עיר במחוז חיפה בישראל שבשרון הצפוני, אשר שוכנת לחוף הים התיכון."
    },
    {
        "cityLabel": "קריית ים",
        "gps": "Point(35.066388888 32.833055555)",
        "population": "39900",
        "info": "היא עיר במחוז חיפה בישראל, אחת מערי הקריות."
    },
    {
        "cityLabel": "נס ציונה",
        "gps": "Point(34.8 31.933333333)",
        "population": "50200",
        "info": "היא עיר במחוז מרכז בישראל."
    },
    {
        "cityLabel": "הרצליה",
        "gps": "Point(34.842222222 32.155555555)",
        "population": "93989",
        "info": "היא עיר חוף בשרון הדרומי, כ-10 קילומטר צפונית לתל אביב-יפו, על מישור החוף."
    },
    {
        "cityLabel": "טירה",
        "gps": "Point(34.950277777 32.232777777)",
        "population": "26200",
        "info": "היא סוג מבנה מגורים גדול ומבוצר שהיה נפוץ באירופה במהלך ימי הביניים."
    },
    {
        "cityLabel": "טירת כרמל",
        "gps": "Point(34.966666666 32.766666666)",
        "population": "22200",
        "info": "היא עיר במחוז חיפה בישראל."
    },
    {
        "cityLabel": "רמלה",
        "gps": "Point(34.8625 31.9275)",
        "population": "75500",
        "info": "היא עיר בשפלת יהודה, בירת מחוז המרכז בישראל."
    },
    {
        "cityLabel": "מעגן מיכאל",
        "gps": "Point(34.917 32.556897222)",
        "population": "1942",
        "info": "הוא קיבוץ מהזרם השיתופי של התנועה הקיבוצית (תק\"צ)."
    },
    {
        "cityLabel": "שער אפרים",
        "gps": "Point(34.9981 32.2886)",
        "population": "1742",
        "info": "הוא מושב באזור השרון."
    },
    {
        "cityLabel": "חרות",
        "gps": "Point(34.9168 32.239197222)",
        "population": "1266",
        "info": "null"
    },
    {
        "cityLabel": "רמת השופט",
        "gps": "Point(35.0949 32.610797222)",
        "population": "1023",
        "info": "הוא קיבוץ ברמות מנשה, מתנועת הקיבוץ הארצי השומר הצעיר, שנוסד ב-2 בנובמבר 1941 ונקרא על שם השופט יוליאן מק."
    },
    {
        "cityLabel": "דולב",
        "gps": "Point(35.135177777 31.925927777)",
        "population": "1302",
        "info": "null"
    },
    {
        "cityLabel": "מגל",
        "gps": "Point(35.0356 32.3855)",
        "population": "1057",
        "info": "הוא כלי חקלאי קדום ששימש לקצירת יבול לפני המצאת החרמש והמקצרה."
    },
    {
        "cityLabel": "משמר העמק",
        "gps": "Point(35.141666666 32.609722222)",
        "population": "1216",
        "info": "הוא קיבוץ מזרם הקיבוץ הארצי השומר הצעיר במערב עמק יזרעאל, הממוקם לצד כביש 66, בתחום השיפוט של מועצה אזורית מגידו."
    },
    {
        "cityLabel": "שמואל הנביא",
        "gps": "Point(35.219293 31.791695)",
        "population": "4341",
        "info": "הוא דמות מקראית, בנם של חנה ואלקנה מן הרמתיים צופים."
    },
    {
        "cityLabel": "אחיטוב",
        "gps": "Point(34.989166666 32.389722222)",
        "population": "1091",
        "info": "הוא מושב במועצה אזורית עמק חפר שנמצא בין חדרה לנתניה."
    },
    {
        "cityLabel": "בית קמה",
        "gps": "Point(34.760544444 31.445588888)",
        "population": "1356",
        "info": "הוא קיבוץ מזרם הקיבוץ הארצי במועצה אזורית בני שמעון שעלה על הקרקע בשנת 1949 על ידי עולים מהונגריה ופולין."
    },
    {
        "cityLabel": "קריית שמואל",
        "gps": "Point(35.06784167 32.83401944)",
        "population": "5500",
        "info": "null"
    },
    {
        "cityLabel": "הר אדר",
        "gps": "Point(35.129722222 31.826111111)",
        "population": "4117",
        "info": "היא התנחלות במעמד של מועצה מקומית בהרי יהודה, בסמיכות לקיבוצים מעלה החמישה וקריית ענבים ולכפר אבו גוש."
    },
    {
        "cityLabel": "בית יצחק-שער חפר",
        "gps": "Point(34.888888888 32.3275)",
        "population": "2105",
        "info": "הוא מושב באזור השרון, ליד העיר נתניה, השייך למועצה אזורית עמק חפר."
    },
    {
        "cityLabel": "כפר עציון",
        "gps": "Point(35.116666666 31.65)",
        "population": "1071",
        "info": "הוא התנחלות וקיבוץ (מופרט) בגוש עציון, החבר בתנועת הקיבוץ הדתי והיישוב היהודי הראשון ביהודה ושומרון."
    },
    {
        "cityLabel": "בת עין",
        "gps": "Point(35.102261111 31.657216666)",
        "population": "1226",
        "info": "היא התנחלות ויישוב קהילתי כפרי דתי חסידי במערב גוש עציון, צפונית-מערבית לכפר עציון."
    },
    {
        "cityLabel": "בת חפר",
        "gps": "Point(35.013897222 32.3329)",
        "population": "5448",
        "info": "הוא יישוב קהילתי השייך למועצה האזורית עמק חפר והישוב הגדול במועצה."
    },
    {
        "cityLabel": "עין המפרץ",
        "gps": "Point(35.096297222 32.902597222)",
        "population": "1197",
        "info": "הוא קיבוץ מתנועת הקיבוץ הארצי הנמצא במחוז הצפון בין הערים עכו וקריית ביאליק, ושייך למועצה האזורית מטה אשר."
    },
    {
        "cityLabel": "טלמון",
        "gps": "Point(35.135277777 31.938333333)",
        "population": "3704",
        "info": "היא התנחלות ויישוב קהילתי דתי בהרי גופנה שבמערב בנימין, מצפון מערב לרמאללה ולצד יישובי גוש טלמונים, ובהם דולב הסמוך מדרום."
    },
    {
        "cityLabel": "תל ציון",
        "gps": "Point(35.24569722 31.88019722)",
        "population": "6000",
        "info": "היא יישוב עירוני והתנחלות בתחומי מועצה אזורית מטה בנימין, השוכנת בגובה של כ-800-760 מטר מעל פני הים."
    },
    {
        "cityLabel": "שפיים",
        "gps": "Point(34.824597222 32.2169)",
        "population": "1208",
        "info": "הוא קיבוץ שהשתייך לקיבוץ המאוחד (לאחר מכן תק\"מ והיום התנועה הקיבוצית), הוקם על ידי יוצאי רוסיה ופולין בשנת 1927."
    },
    {
        "cityLabel": "בית השיטה",
        "gps": "Point(35.4375 32.554166666)",
        "population": "1215",
        "info": "הוא קיבוץ בעמק חרוד, כ-10 קילומטר מצפון-מערב לבית שאן, בתחום המועצה האזורית גלבוע."
    },
    {
        "cityLabel": "כפר תפוח",
        "gps": "Point(35.25 32.118055555)",
        "population": "1473",
        "info": "היא התנחלות ויישוב קהילתי דתי לאומי השוכנת במזרח השומרון בסמוך לעיר אריאל ושייכת למועצה אזורית שומרון."
    },
    {
        "cityLabel": "ג'ש (גוש חלב)",
        "gps": "Point(35.444722222 33.025833333)",
        "population": "3200",
        "info": "היא מועצה מקומית בגליל העליון."
    },
    {
        "cityLabel": "אלפי מנשה",
        "gps": "Point(35.015 32.171666666)",
        "population": "7969",
        "info": "היא התנחלות ישראלית במערב השומרון, סמוך לקו הירוק, דרומית-מזרחית לקלקיליה, מזרחית לעיר כפר סבא ודרומית לכביש 55."
    },
    {
        "cityLabel": "נווה דניאל",
        "gps": "Point(35.143288888 31.677888888)",
        "population": "2275",
        "info": "היא התנחלות ויישוב קהילתי בגוש עציון."
    },
    {
        "cityLabel": "נאות אפקה",
        "gps": "Point(34.82138333 32.11705833)",
        "population": "8440",
        "info": "היא שכונה בצפון-מזרחה של העיר תל אביב, בעברו הצפוני של נחל הירקון."
    },
    {
        "cityLabel": "נס הרים",
        "gps": "Point(35.0583 31.7448)",
        "population": "1286",
        "info": "הוא מושב בהרי יהודה, בין הערים ירושלים ובית שמש, במסגרת מועצה אזורית מטה יהודה."
    },
    {
        "cityLabel": "ניצני עוז",
        "gps": "Point(35.005097222 32.3068)",
        "population": "1105",
        "info": "הוא מושב באזור השרון ליד טולכרם השייך למועצה אזורית לב השרון."
    },
    {
        "cityLabel": "איילת השחר",
        "gps": "Point(35.577597222 33.022797222)",
        "population": "1161",
        "info": "הוא ביטוי בעברית שמקורו מהתנ\"ך ושפירושו כוכב המופיע זמן מועט לפני זריחת השמש."
    },
    {
        "cityLabel": "עמנואל",
        "gps": "Point(35.13721667 32.16186389)",
        "population": "3961",
        "info": "היא התנחלות במעמד מועצה מקומית באזור השומרון, מזרחית לקרני שומרון וצפונית לאריאל."
    },
    {
        "cityLabel": "בית אל",
        "gps": "Point(35.222 31.942)",
        "population": "6115",
        "info": "היא התנחלות דתית ברכס הרי גופנה שבהרי בנימין, מצפון לרמאללה."
    },
    {
        "cityLabel": "רביבים",
        "gps": "Point(34.721216666 31.043613888)",
        "population": "1035",
        "info": "null"
    },
    {
        "cityLabel": "נווה",
        "gps": "Point(34.329889 31.161978)",
        "population": "1066",
        "info": "null"
    },
    {
        "cityLabel": "משמרת",
        "gps": "Point(34.9215 32.2287)",
        "population": "1054",
        "info": "הוא מושב באזור השרון, ליד טירה וצפונית לכפר סבא, השייך למועצה אזורית לב השרון."
    },
    {
        "cityLabel": "עין שריד",
        "gps": "Point(34.933997222 32.2742)",
        "population": "1566",
        "info": "הוא מושב באזור השרון השייך למועצה אזורית לב השרון."
    },
    {
        "cityLabel": "חשמונאים",
        "gps": "Point(35.021572222 31.931013888)",
        "population": "2762",
        "info": "null"
    },
    {
        "cityLabel": "מרחביה",
        "gps": "Point(35.30725 32.60585)",
        "population": "1136",
        "info": "null"
    },
    {
        "cityLabel": "שדה נחמיה",
        "gps": "Point(35.622397222 33.186797222)",
        "population": "1097",
        "info": "הוא קיבוץ באצבע הגליל בצפון עמק החולה כ-5 ק\"מ ממזרח לקריית שמונה, המשתייך למועצה אזורית הגליל העליון."
    },
    {
        "cityLabel": "נווה צדק",
        "gps": "Point(34.76475 32.061444444)",
        "population": "3870",
        "info": "היא השכונה היהודית הרשמית הראשונה מחוץ לתוואי חומות העיר יפו."
    },
    {
        "cityLabel": "רמת הכובש",
        "gps": "Point(34.937725 32.216286111)",
        "population": "1049",
        "info": "הוא קיבוץ בשרון הדרומי, 7 ק\"מ צפונית-מזרחית לכפר סבא, בתחום המועצה האזורית דרום השרון."
    },
    {
        "cityLabel": "כפר סירקין",
        "gps": "Point(34.923744444 32.076738888)",
        "population": "1333",
        "info": "הוא מושב באזור השרון ליד פתח תקווה השייך למועצה אזורית דרום השרון."
    },
    {
        "cityLabel": "שעלבים",
        "gps": "Point(34.985197222 31.8687)",
        "population": "1910",
        "info": "הוא קיבוץ דתי מופרט המשתייך לתנועת פועלי אגודת ישראל באזור השפלה ליד העיר מודיעין השייך למועצה אזורית גזר."
    },
    {
        "cityLabel": "תלפיות מזרח",
        "gps": "Point(35.235 31.75)",
        "population": "15398",
        "info": "היא שכונה בדרום-מזרח ירושלים, אשר נוסדה ב-1972, על שטח שסופח לירושלים לאחר מלחמת ששת הימים, כחלק מתוכנית שכונות הטבעת ."
    },
    {
        "cityLabel": "עלמון",
        "gps": "Point(35.2954 31.8317)",
        "population": "1286",
        "info": "היא התנחלות ויישוב קהילתי בהרי בנימין, הממוקם בגוש אדומים ממזרח לירושלים ושייך למועצה אזורית מטה בנימין."
    },
    {
        "cityLabel": "אפיקים",
        "gps": "Point(35.5778 32.6796)",
        "population": "1493",
        "info": "הוא קיבוץ בעמק הירדן (בכביש 90 בין אשדות יעקב לבית זרע) המשתייך לתק\"ם."
    },
    {
        "cityLabel": "גבעת ברנר",
        "gps": "Point(34.800277777 31.864444444)",
        "population": "2617",
        "info": "הוא קיבוץ בישראל השייך למועצה האזורית ברנר ושוכן מדרום לרחובות וממערב לכביש 40."
    },
    {
        "cityLabel": "כפר אדומים",
        "gps": "Point(35.335 31.824)",
        "population": "4271",
        "info": "הוא התנחלות ויישוב קהילתי הנמצא בצפונו של מדבר יהודה על הגדה הדרומית של נחל פרת (ואדי קלט), צפונית לכביש ירושלים - ים המלח וצפונית-מז."
    },
    {
        "cityLabel": "פסגת זאב",
        "gps": "Point(35.241666666 31.825)",
        "population": "42400",
        "info": "היא שכונה יהודית בצפון מזרח ירושלים, בעלת אוכלוסייה משולבת מדתיים לאומיים וחילונים המחולקת לחמישה אזורים פנימים: פסגת זאב מרכז, צפון, דרום, מ."
    },
    {
        "cityLabel": "יפעת",
        "gps": "Point(35.2244 32.676497222)",
        "population": "1083",
        "info": "הוא קיבוץ בעמק יזרעאל, השוכן על כביש 73, ממערב נמצא נחל צבי וקיבוץ גבת, ממזרח נמצא נחל יפעת וקיבוץ שריד, בכניסה לקיבוץ נמצא בית התרבות האזורי,."
    },
    {
        "cityLabel": "נען",
        "gps": "Point(34.858611111 31.885)",
        "population": "1532",
        "info": "הוא קיבוץ מזרם הקיבוץ המאוחד (כיום \"התנועה הקיבוצית\") הממוקם בקרבת העיר רחובות במועצה אזורית גזר."
    },
    {
        "cityLabel": "מעיליא",
        "gps": "Point(35.259558333 33.025158333)",
        "population": "3204",
        "info": "היא מועצה מקומית במחוז הצפון בישראל בסמוך לעיר מעלות-תרשיחא."
    },
    {
        "cityLabel": "ג'סר א-זרקא",
        "gps": "Point(34.912227777 32.537919444)",
        "population": "13962",
        "info": "היא מועצה מקומית במחוז חיפה בישראל."
    },
    {
        "cityLabel": "הרדוף",
        "gps": "Point(35.173797222 32.7635)",
        "population": "1034",
        "info": "הוא שיח גבוה וחסון, יְרוֹק־עַד, בולט בתקופת הקיץ בפריחתו הוורודה ומכיל מוהל רעיל."
    },
    {
        "cityLabel": "מבוא חורון",
        "gps": "Point(35.035927777 31.849177777)",
        "population": "2517",
        "info": "היא התנחלות שחלקה מושב שיתופי וחלקה יישוב קהילתי, הנמצא בצפון עמק איילון על גבול השפלה והרי ירושלים, ממזרח למחלף לטרון."
    },
    {
        "cityLabel": "נעלה",
        "gps": "Point(35.0641 31.962497222)",
        "population": "1573",
        "info": "היא התנחלות ויישוב עירוני חילוני באופיו בדרום-מערב שפלת השומרון, צפונית לעיר מודיעין וממזרח ליישוב ניל\"י, שייך למועצה האזורית מטה בנימין."
    },
    {
        "cityLabel": "נורדיה",
        "gps": "Point(34.895897222 32.314397222)",
        "population": "2010",
        "info": "הוא מושב שיתופי באזור השרון סמוך לעיר נתניה השייך למועצה אזורית לב השרון."
    },
    {
        "cityLabel": "תקוע",
        "gps": "Point(35.229033333 31.653016666)",
        "population": "4316",
        "info": "היא התנחלות השוכנת במזרח הרי יהודה, ומשתייכת למועצה אזורית גוש עציון."
    },
    {
        "cityLabel": "רמת אשכול",
        "gps": "Point(35.22345556 31.8026)",
        "population": "3573",
        "info": "היא שכונה יהודית בצפון ירושלים, שנבנתה לאחר מלחמת ששת הימים."
    },
    {
        "cityLabel": "רמת עמידר",
        "gps": "Point(34.83563889 32.06769444)",
        "population": "8683",
        "info": "היא שכונה במזרח רמת גן."
    },
    {
        "cityLabel": "גבע בנימין",
        "gps": "Point(35.2738 31.85)",
        "population": "5232",
        "info": "היא התנחלות הממוקמת 2 ק\"מ צפונית מזרחית לירושלים, בין כביש 437 לכביש 60."
    },
    {
        "cityLabel": "מצפה יריחו",
        "gps": "Point(35.3941 31.816)",
        "population": "2390",
        "info": "היא התנחלות ויישוב קהילתי דתי בגוש אדומים על מצוק ההרים הצופה על יריחו, בתחום מועצה אזורית מטה בנימין."
    },
    {
        "cityLabel": "אחיעזר",
        "gps": "Point(34.872197222 31.98)",
        "population": "1782",
        "info": "הוא מושב של הפועל המזרחי באזור המרכז ליד העיר לוד השייך למועצה אזורית שדות דן (שם קודם: עמק לוד)."
    },
    {
        "cityLabel": "אודים",
        "gps": "Point(34.8513 32.2663)",
        "population": "1367",
        "info": "הוא מושב הנמצא מדרום לנתניה ומשתייך למועצה אזורית חוף השרון."
    },
    {
        "cityLabel": "מכמורת",
        "gps": "Point(34.8716 32.405797222)",
        "population": "1334",
        "info": "הוא מושב בעמק חפר, בסמוך לחוף הים, אשר ממוקם כ-2 ק\"מ מדרום לחדרה וכ-6 ק\"מ צפונית לנתניה ובסמוך לשפך נחל אלכסנדר לים התיכון."
    },
    {
        "cityLabel": "אלון שבות",
        "gps": "Point(35.127777777 31.654722222)",
        "population": "3213",
        "info": "הוא התנחלות ויישוב קהילתי דתי תורני במועצה האזורית גוש עציון."
    },
    {
        "cityLabel": "הר ברכה",
        "gps": "Point(35.2653 32.192797222)",
        "population": "3051",
        "info": "הוא התנחלות ויישוב קהילתי דתי בשומרון, בשטח המועצה האזורית שומרון, על רכס הר גריזים שמדרום לשכם."
    },
    {
        "cityLabel": "יגור",
        "gps": "Point(35.077197222 32.7415)",
        "population": "1525",
        "info": "הוא קיבוץ למרגלותיו המזרחיים של הר הכרמל, כתשעה קילומטרים דרומית-מזרחית לחיפה, ונמצא בפתחו של נחל יגור."
    },
    {
        "cityLabel": "כברי",
        "gps": "Point(35.149 33.020897222)",
        "population": "1001",
        "info": "הוא קיבוץ בגליל המערבי, כארבעה ק\"מ ממזרח לנהריה."
    },
    {
        "cityLabel": "גבעת חיים איחוד",
        "gps": "Point(34.93180278 32.39808056)",
        "population": "1067",
        "info": "הוא קיבוץ בעמק חפר ליד חדרה."
    },
    {
        "cityLabel": "גבעת משואה",
        "gps": "Point(35.167655 31.749908)",
        "population": "4522",
        "info": "היא שכונה בדרום-מערב ירושלים."
    },
    {
        "cityLabel": "גשר הזיו",
        "gps": "Point(35.111297222 33.039)",
        "population": "1605",
        "info": "הוא קיבוץ מתחדש, בגליל המערבי, צפונית לעיר נהריה."
    },
    {
        "cityLabel": "עין ורד",
        "gps": "Point(34.933397222 32.2655)",
        "population": "1470",
        "info": "null"
    },
    {
        "cityLabel": "מצובה",
        "gps": "Point(35.1582 33.063297222)",
        "population": "1116",
        "info": "הוא קיבוץ בגליל המערבי, 550 מטר דרום מזרחית  ליישוב שלומי ו4."
    },
    {
        "cityLabel": "אלישמע",
        "gps": "Point(34.929 32.1527)",
        "population": "1210",
        "info": "הוא מושב באזור השרון ליד הערים הוד השרון וכפר סבא ושייך למועצה אזורית דרום השרון."
    },
    {
        "cityLabel": "תל יצחק",
        "gps": "Point(34.8691 32.2524)",
        "population": "1023",
        "info": "הוא קיבוץ במישור החוף מדרום-מזרח לעיר נתניה וליד יובל של נחל פולג, בתחום המועצה האזורית חוף השרון."
    },
    {
        "cityLabel": "נווה ירק",
        "gps": "Point(34.9245 32.1323)",
        "population": "1353",
        "info": "הוא מושב באזור השרון ליד העיר הוד השרון השייך לתחום מועצה אזורית דרום השרון."
    },
    {
        "cityLabel": "חיספין",
        "gps": "Point(35.7926 32.8449)",
        "population": "1739",
        "info": "הוא יישוב דתי ברמת הגולן שהוקם בשנת 1978."
    },
    {
        "cityLabel": "ראש הנקרה",
        "gps": "Point(35.113611111 33.086111111)",
        "population": "1377",
        "info": "היא שמורת טבע הנמצאת בקצהו הצפוני של חוף הים התיכון של ישראל, ומצטיינת במצוק תלול היורד לתוך הים התיכון ובחוף הים המפורץ שלו."
    },
    {
        "cityLabel": "מגשימים",
        "gps": "Point(34.900597222 32.0463)",
        "population": "1064",
        "info": "הוא מושב בדרום השרון, ליד העיר יהוד השייך למועצה אזורית דרום השרון."
    },
    {
        "cityLabel": "רמות מנשה",
        "gps": "Point(35.0572 32.596697222)",
        "population": "1091",
        "info": "הוא חבל ארץ בדרום הכרמל."
    },
    {
        "cityLabel": "רוממה",
        "gps": "Point(35.204 31.79)",
        "population": "32817",
        "info": "היא שכונה במערב ירושלים, הממוקמת בסמוך לכניסה לעיר ושוכנת כיום ברובה מאחורי מתחם התחנה המרכזית."
    },
    {
        "cityLabel": "חולדה",
        "gps": "Point(34.8834 31.8323)",
        "population": "1163",
        "info": "היא סוג של יונק, ממשפחת העכבריים בסדרת המכרסמים."
    },
    {
        "cityLabel": "דביר",
        "gps": "Point(34.825697222 31.412297222)",
        "population": "1043",
        "info": "הוא שם עברי, המשמש כשם פרטי (בעיקר לגברים) וכשם משפחה."
    },
    {
        "cityLabel": "כפר מנחם",
        "gps": "Point(34.835997222 31.7317)",
        "population": "1296",
        "info": "הוא קיבוץ מתנועת הקיבוץ הארצי השומר הצעיר בשפלת יהודה, כ-9 ק\"מ מגדרה."
    },
    {
        "cityLabel": "מזור",
        "gps": "Point(34.926111111 32.0525)",
        "population": "1300",
        "info": "הוא מושב סמוך לאלעד, בצד כביש לוד - פתח תקווה, כשלושה ק\"מ דרומית-מזרחית לפתח תקווה."
    },
    {
        "cityLabel": "כפר ביל\"ו",
        "gps": "Point(34.828697222 31.8712)",
        "population": "1254",
        "info": "הוא מושב ליד רחובות השייך למועצה אזורית גזר."
    },
    {
        "cityLabel": "באר טוביה",
        "gps": "Point(34.723836111 31.73605)",
        "population": "1030",
        "info": "הוא מושב עובדים במישור החוף הדרומי, ממערב לקריית מלאכי."
    },
    {
        "cityLabel": "זכריה",
        "gps": "Point(34.945097222 31.7098)",
        "population": "1039",
        "info": "null"
    },
    {
        "cityLabel": "עספיא",
        "gps": "Point(35.063333333 32.719444444)",
        "population": "11785",
        "info": "היא מועצה מקומית במחוז חיפה."
    },
    {
        "cityLabel": "חמ\"ד",
        "gps": "Point(34.8415 32.0182)",
        "population": "1131",
        "info": "null"
    },
    {
        "cityLabel": "חגור",
        "gps": "Point(34.948711111 32.138916666)",
        "population": "1135",
        "info": "הוא מושב השוכן בין ראש העין לכפר סבא, שנוסד בשנת 1949."
    },
    {
        "cityLabel": "עזריקם",
        "gps": "Point(34.6959 31.750397222)",
        "population": "1377",
        "info": "הוא מושב בישראל, באזור דרום מישור החוף, סמוך לאשדוד, השייך למועצה אזורית באר טוביה וחבר לשעבר בתנועת המושבים מתחילתו וחבר נוכחי בתנועה החדש."
    },
    {
        "cityLabel": "עין אילה",
        "gps": "Point(34.9455 32.6291)",
        "population": "1127",
        "info": "הוא מושב עובדים של תנועת המושבים במישור חוף הכרמל."
    },
    {
        "cityLabel": "סתריה",
        "gps": "Point(34.8459 31.8883)",
        "population": "1022",
        "info": "הוא מושב באזור השפלה מדרום מזרח לעיר רחובות, נמצא בשטח השיפוט של מועצה אזורית גזר על שטח של 3,200 דונם ומשויך לתנועת המושבים."
    },
    {
        "cityLabel": "טירת יהודה",
        "gps": "Point(34.9325 32.013333333)",
        "population": "1183",
        "info": "הוא מושב דתי לאומי במישור חוף יהודה בגבול שפלת יהודה כ-5 קילומטרים דרומית מזרחית ליהוד וכ-3 קילומטרים מזרחית למסלולי נמל התעופה בן-גור."
    },
    {
        "cityLabel": "רשפון",
        "gps": "Point(34.823227777 32.201836111)",
        "population": "1402",
        "info": "הוא מושב עובדים באזור השרון, המשתייך למועצה אזורית חוף השרון."
    },
    {
        "cityLabel": "שתולים",
        "gps": "Point(34.683838888 31.773427777)",
        "population": "1975",
        "info": "הוא מושב המשתייך למועצה אזורית באר טוביה, סמוך לאשדוד."
    },
    {
        "cityLabel": "כפר הרא\"ה",
        "gps": "Point(34.9121 32.3907)",
        "population": "1390",
        "info": "הוא מושב דתי של תנועת הפועל המזרחי הקרוי על שמו של הרב הראשי הראשון לישראל, הרב קוק (הרב אברהם הכהן קוק)."
    },
    {
        "cityLabel": "זיתן",
        "gps": "Point(34.8877 31.9749)",
        "population": "1045",
        "info": "הוא מושב הסמוך אל נמל התעופה בן-גוריון."
    },
    {
        "cityLabel": "עמינדב",
        "gps": "Point(35.1424 31.7515)",
        "population": "1161",
        "info": "הוא מושב מדרום מערב לירושלים השייך למועצה אזורית מטה יהודה."
    },
    {
        "cityLabel": "ינון",
        "gps": "Point(34.7826 31.740897222)",
        "population": "1116",
        "info": "null"
    },
    {
        "cityLabel": "חצור הגלילית",
        "gps": "Point(35.543475 32.979472222)",
        "population": "4400",
        "info": "היא מועצה מקומית במחוז הצפון בישראל."
    },
    {
        "cityLabel": "ערערה",
        "gps": "Point(35.094113888 32.494558333)",
        "population": "23996",
        "info": "הוא יישוב ערבי במחוז חיפה בישראל באזור ואדי עארה במשולש."
    },
    {
        "cityLabel": "דבורייה",
        "gps": "Point(35.370277777 32.691388888)",
        "population": "10510",
        "info": "היא מועצה מקומית במחוז הצפון בישראל, השוכנת בשולי עמק יזרעאל ולמרגלות הר תבור."
    },
    {
        "cityLabel": "שורש",
        "gps": "Point(35.0653 31.7966)",
        "population": "1061",
        "info": "null"
    },
    {
        "cityLabel": "בסמ\"ה",
        "gps": "Point(35.103888888 32.50215)",
        "population": "8914",
        "info": "היא מועצה מקומית במחוז חיפה בישראל."
    },
    {
        "cityLabel": "אחיסמך",
        "gps": "Point(34.907222222 31.935)",
        "population": "1382",
        "info": "הוא מושב באזור השפלה בקרבת לוד השייך למועצה אזורית חבל מודיעין."
    },
    {
        "cityLabel": "שדי חמד",
        "gps": "Point(34.9427 32.1599)",
        "population": "1021",
        "info": "הוא מושב באזור השרון ליד העיר כפר סבא השייך למועצה אזורית דרום השרון."
    },
    {
        "cityLabel": "בית אלעזרי",
        "gps": "Point(34.804297222 31.843597222)",
        "population": "1494",
        "info": "הוא מושב חילוני באזור המרכז, דרום שפלה ליד גדרה השייך למועצה אזורית ברנר ולתנועת המושבים."
    },
    {
        "cityLabel": "ג'ת",
        "gps": "Point(35.0361 32.4306)",
        "population": "11164",
        "info": "היא מועצה מקומית במשולש, בצפון השרון ובסמוך לקו הירוק."
    },
    {
        "cityLabel": "שדה יעקב",
        "gps": "Point(35.1411 32.6968)",
        "population": "1133",
        "info": "הוא מושב עובדים שהוקם על ידי תנועת הפועל המזרחי במערב עמק יזרעאל, כ-2 ק\"מ דרומית מזרחית לקריית טבעון, בתחום השיפוט של המועצה האזורית עמ."
    },
    {
        "cityLabel": "מגדים",
        "gps": "Point(34.9592 32.7293)",
        "population": "1277",
        "info": "הוא מושב עובדים במישור החוף הצפוני, מצפון לעתלית, בתחום המועצה האזורית חוף הכרמל."
    },
    {
        "cityLabel": "ערוגות",
        "gps": "Point(34.770697222 31.7347)",
        "population": "1124",
        "info": "הוא מושב ליד העיר קריית מלאכי השייך למועצה אזורית באר טוביה."
    },
    {
        "cityLabel": "בן זכאי",
        "gps": "Point(34.7299 31.855797222)",
        "population": "1083",
        "info": "הוא מושב עובדים דתי באזור השפלה ליד העיר יבנה השייך למועצה אזורית חבל יבנה."
    },
    {
        "cityLabel": "נהורה",
        "gps": "Point(34.7049 31.622597222)",
        "population": "1136",
        "info": "הוא יישוב קהילתי כפרי בדרום מישור החוף ליד העיר קריית גת השייך למועצה אזורית לכיש."
    },
    {
        "cityLabel": "בורגתא",
        "gps": "Point(34.962297222 32.326597222)",
        "population": "1128",
        "info": "הוא מושב עובדים בשרון, על כביש נתניה - טולכרם (כביש 57)."
    },
    {
        "cityLabel": "ניר צבי",
        "gps": "Point(34.8622 31.951)",
        "population": "1275",
        "info": "הוא מושב במחוז המרכז בישראל."
    },
    {
        "cityLabel": "אורה",
        "gps": "Point(35.1537 31.7542)",
        "population": "1301",
        "info": "הוא מושב הנמצא דרומית מערבית לירושלים אשר נוסד בשנת 1950 על ידי יוצאי תימן ויוצאי מרוקו אשר עלו יחד והתערבבו עם השנים."
    },
    {
        "cityLabel": "פורת",
        "gps": "Point(34.9489 32.2779)",
        "population": "1206",
        "info": "הוא מושב מעורב של דתיים וחילונים באזור השרון בין עין ורד לכפר יעבץ."
    },
    {
        "cityLabel": "תפרח",
        "gps": "Point(34.6768 31.326297222)",
        "population": "2156",
        "info": "הוא מושב חרדי במועצה אזורית מרחבים שבנגב הצפוני-מערבי על כביש 25, המשתייך לתנועת המושבים ולפועלי אגודת ישראל."
    },
    {
        "cityLabel": "מעלה עירון",
        "gps": "Point(35.197577777 32.548213888)",
        "population": "14140",
        "info": "היא מועצה מקומית במחוז חיפה בישראל."
    },
    {
        "cityLabel": "יד רמב\"ם",
        "gps": "Point(34.8997 31.899797222)",
        "population": "1044",
        "info": "הוא מושב במועצה האזורית גזר, סמוך לעיר רמלה."
    },
    {
        "cityLabel": "משהד",
        "gps": "Point(35.324444444 32.738333333)",
        "population": "7858",
        "info": "היא העיר השנייה בגודלה באיראן ובירת הפרובינציה ח'וראסאן רזאווי ."
    },
    {
        "cityLabel": "מזרעה",
        "gps": "Point(35.098333333 32.983333333)",
        "population": "3649",
        "info": "היא הוכרזה כמועצה מקומית בשנת 1996."
    },
    {
        "cityLabel": "מצליח",
        "gps": "Point(34.874 31.9078)",
        "population": "1302",
        "info": "הוא מושב עובדים בשפלה הממוקם כשני קילומטר דרומית לרמלה."
    },
    {
        "cityLabel": "טל שחר",
        "gps": "Point(34.903597222 31.8062)",
        "population": "1287",
        "info": "הוא מושב הממוקם מזרחית לגדרה וצפונית-מערבית לבית שמש, השייך למועצה אזורית מטה יהודה."
    },
    {
        "cityLabel": "עזריה",
        "gps": "Point(34.909797222 31.889097222)",
        "population": "1193",
        "info": "הוא מושב עובדים המשתייך לתנועת המושבים."
    },
    {
        "cityLabel": "כפר יהושע",
        "gps": "Point(35.1539 32.683597222)",
        "population": "1107",
        "info": "הוא מושב בעמק יזרעאל, כשני קילומטרים דרומית לרמת ישי, בתחום השיפוט של המועצה האזורית עמק יזרעאל."
    },
    {
        "cityLabel": "עין הבשור",
        "gps": "Point(34.4502 31.282197222)",
        "population": "1127",
        "info": "הוא מושב בחבל אשכול, כקילומטר מקיבוץ מגן."
    },
    {
        "cityLabel": "גבע כרמל",
        "gps": "Point(34.9545 32.661997222)",
        "population": "1166",
        "info": "הוא מושב באזור הצפון ליד עתלית השייך למועצה אזורית חוף הכרמל."
    },
    {
        "cityLabel": "נחושה",
        "gps": "Point(34.954397222 31.629997222)",
        "population": "1240",
        "info": "הוא יישוב קהילתי דתי במועצה אזורית מטה יהודה."
    },
    {
        "cityLabel": "כפר יחזקאל",
        "gps": "Point(35.359 32.56719722)",
        "population": "1149",
        "info": "הוא מושב בעמק יזרעאל, בתחום השיפוט של מועצה אזורית הגלבוע."
    },
    {
        "cityLabel": "בית עריף",
        "gps": "Point(34.933333333 31.994722222)",
        "population": "1112",
        "info": "הוא מושב באזור המרכז ליד היישוב שוהם השייך למועצה אזורית חבל מודיעין."
    },
    {
        "cityLabel": "רגבה",
        "gps": "Point(35.098997222 32.976597222)",
        "population": "1038",
        "info": "הוא מושב שיתופי של התנועה הקיבוצית המאוחדת שהוקם בשנת 1946, השוכן בגליל המערבי, בסמוך לעיר נהריה."
    },
    {
        "cityLabel": "בארותיים",
        "gps": "Point(34.984166666 32.321388888)",
        "population": "1116",
        "info": "הוא מושב עובדים בשרון הנמצא בעמק חפר קרוב לנחל אלכסנדר, ממוקם על כביש 57, סמוך למחלף ניצני עוז של כביש 6, ומשתייך לתנועת המושבים."
    },
    {
        "cityLabel": "שדה עוזיהו",
        "gps": "Point(34.677025 31.756161111)",
        "population": "1465",
        "info": "הוא מושב באזור הדרום, מדרום-מזרח לעיר אשדוד, השייך למועצה אזורית באר טוביה."
    },
    {
        "cityLabel": "מסילת ציון",
        "gps": "Point(35.011497222 31.8018)",
        "population": "1263",
        "info": "הוא מושב עובדים צפונית לבית שמש, השייך למועצה אזורית מטה יהודה שבמחוז ירושלים."
    },
    {
        "cityLabel": "תושיה",
        "gps": "Point(34.540197222 31.433297222)",
        "population": "1014",
        "info": "null"
    },
    {
        "cityLabel": "קדרון",
        "gps": "Point(34.8003 31.8123)",
        "population": "1560",
        "info": "הוא מושב באזור השפלה, הממוקם צפונית ומזרחית לגדרה, לאורך גדתו הדרומית של נחל שורק."
    },
    {
        "cityLabel": "ברקת",
        "gps": "Point(34.944166666 32.015)",
        "population": "1867",
        "info": "היא אבן חן מהמעלה הראשונה[דרושה הבהרה], תצורה של המינרל בריל (Beryl) הצבועה ירוק כתוצאה מחדירת כרום וונדיום לתוך הגביש."
    },
    {
        "cityLabel": "ניר גלים",
        "gps": "Point(34.6833 31.824697222)",
        "population": "1408",
        "info": "הוא מושב שיתופי דתי של תנועת הפועל המזרחי."
    },
    {
        "cityLabel": "צרופה",
        "gps": "Point(34.945097222 32.648697222)",
        "population": "1093",
        "info": "הוא מושב עובדים באזור מישור החוף הצפוני, השייך למועצה האזורית חוף הכרמל."
    },
    {
        "cityLabel": "צור משה",
        "gps": "Point(34.913897222 32.298)",
        "population": "3114",
        "info": "הוא מושב בישראל באזור השרון ליד העיר נתניה השייך למועצה אזורית לב השרון."
    },
    {
        "cityLabel": "אעבלין",
        "gps": "Point(35.193333333 32.822222222)",
        "population": "12990",
        "info": "היא מועצה מקומית במחוז הצפון בישראל, השוכנת בגליל התחתון המערבי, בשיפולי עמק זבולון."
    },
    {
        "cityLabel": "תל עדשים",
        "gps": "Point(35.301097222 32.6552)",
        "population": "1418",
        "info": "הוא מושב עובדים בעמק יזרעאל, 5 ק\"מ צפונית לעפולה, בתחום השיפוט של המועצה האזורית עמק יזרעאל."
    },
    {
        "cityLabel": "בני ציון",
        "gps": "Point(34.8682 32.218097222)",
        "population": "1392",
        "info": "הוא מושב שהוקם בשנת 1947 באזור השרון כ-4."
    },
    {
        "cityLabel": "אשתאול",
        "gps": "Point(35.0101 31.781097222)",
        "population": "1267",
        "info": "הוא מושב צפונית לעיר בית שמש השייך למועצה אזורית מטה יהודה."
    },
    {
        "cityLabel": "גבעת יערים",
        "gps": "Point(35.088958333 31.787352777)",
        "population": "1467",
        "info": "הוא מושב בפרוזדור ירושלים, שממוקם כ-2."
    },
    {
        "cityLabel": "בית יהושע",
        "gps": "Point(34.862997222 32.261097222)",
        "population": "1062",
        "info": "הוא מושב במחוז המרכז, השוכן במישור החוף ממזרח לנתניה, השייך למועצה אזורית חוף השרון."
    },
    {
        "cityLabel": "חצב",
        "gps": "Point(34.769897222 31.7799)",
        "population": "1404",
        "info": "הוא סוג במשפחת האספרגיים (שם מדעי: Asparagaceae )."
    },
    {
        "cityLabel": "כפר ורבורג",
        "gps": "Point(34.723197222 31.719597222)",
        "population": "1130",
        "info": "הוא מושב באזור הדרום, סמוך לקריית מלאכי, השייך למועצה אזורית באר טוביה."
    },
    {
        "cityLabel": "בית עזרא",
        "gps": "Point(34.6557 31.736597222)",
        "population": "1090",
        "info": "הוא מושב הנמצא במישור החוף הדרומי, בין אשדוד לאשקלון, ומשתייך לתנועת המושבים."
    },
    {
        "cityLabel": "רינתיה",
        "gps": "Point(34.927777777 32.043611111)",
        "population": "1134",
        "info": "הוא מושב שנמצא בין פתח תקווה לבין יהוד (על יד כביש 40)."
    },
    {
        "cityLabel": "נווה ימין",
        "gps": "Point(34.938 32.170997222)",
        "population": "1162",
        "info": "הוא מושב במחוז המרכז, בנפת פתח תקווה, אזור דרום השרון, ממזרח לכפר סבא."
    },
    {
        "cityLabel": "משען",
        "gps": "Point(34.6233 31.657097222)",
        "population": "1005",
        "info": "הוא מושב במישור החוף הדרומי, ליד העיר אשקלון, המשתייך למועצה אזורית חוף אשקלון."
    },
    {
        "cityLabel": "ביצרון",
        "gps": "Point(34.7244 31.7957)",
        "population": "1221",
        "info": "הוא מושב עובדים במישור החוף הדרומי (סמוך לגדרה), ושטחו ."
    },
    {
        "cityLabel": "כפר הנגיד",
        "gps": "Point(34.749097222 31.8871)",
        "population": "1223",
        "info": "הוא מושב עובדים במישור החוף הדרומי השוכן בין יבנה בדרום, רחובות במזרח ועיינות בצפון, בתחומי המועצה האזורית גן רווה."
    },
    {
        "cityLabel": "כעביה-טבאש-חג'אג'רה",
        "gps": "Point(35.1825 32.758333333)",
        "population": "4978",
        "info": "היא מועצה מקומית במחוז הצפון בישראל."
    },
    {
        "cityLabel": "בית זית",
        "gps": "Point(35.159338888 31.782686111)",
        "population": "1631",
        "info": "הוא מושב בהרי יהודה, כ-7 ק\"מ מערבית לירושלים, וכ-1 ק\"מ דרומית למוצא."
    },
    {
        "cityLabel": "שדה ורבורג",
        "gps": "Point(34.907222222 32.203611111)",
        "population": "1483",
        "info": "הוא אגודה שיתופית במישור החוף, ליד העיר כפר סבא, השייך למועצה אזורית דרום השרון."
    },
    {
        "cityLabel": "ערערה-בנגב",
        "gps": "Point(35.023611111 31.159722222)",
        "population": "15813",
        "info": "היא מועצה מקומית במחוז הדרום בישראל, מיקומה בבקעת ערד, 10 ק\"מ מצפון מערב לדימונה."
    },
    {
        "cityLabel": "כפר נטר",
        "gps": "Point(34.870277777 32.271388888)",
        "population": "1157",
        "info": "הוא מושב עובדים במישור החוף ליד העיר נתניה השייך למועצה אזורית חוף השרון ומהווה היישוב הצפוני ביותר בה."
    },
    {
        "cityLabel": "מאור",
        "gps": "Point(35.0 32.383333333)",
        "population": "1258",
        "info": "הוא מושב באזור השרון ליד העיר חדרה השייך למועצה אזורית מנשה."
    },
    {
        "cityLabel": "זמר",
        "gps": "Point(35.035291666 32.367022222)",
        "population": "6486",
        "info": "הוא בעל מקצוע המשתמש בקולו כדי לבצע מוזיקה."
    },
    {
        "cityLabel": "אביחיל",
        "gps": "Point(34.8721 32.3504)",
        "population": "1409",
        "info": "הוא מושב המשתייך לתנועת המושבים, ונמצא בתחום מועצה אזורית עמק חפר, צפונית לנתניה."
    },
    {
        "cityLabel": "נחלים",
        "gps": "Point(34.913611111 32.058611111)",
        "population": "1690",
        "info": "הוא מושב דתי הצמוד לעיר פתח תקווה."
    },
    {
        "cityLabel": "כפר ויתקין",
        "gps": "Point(34.876897222 32.381797222)",
        "population": "2017",
        "info": "הוא מושב עובדים במערב עמק חפר, השייך למועצה אזורית עמק חפר."
    },
    {
        "cityLabel": "בני ראם",
        "gps": "Point(34.790597222 31.769897222)",
        "population": "1353",
        "info": "הוא מושב דתי בשפלה, הנקרא על שם האדמו\"ר מגור, הרב אברהם מרדכי אלטר."
    },
    {
        "cityLabel": "חורפיש",
        "gps": "Point(35.346111111 33.017777777)",
        "population": "6200",
        "info": "היא מועצה מקומית דרוזית במחוז הצפון בישראל, השוכנת בהרי הגליל העליון באזור הררי באזור שמורת הטבע הר מירון."
    },
    {
        "cityLabel": "כפר כמא",
        "gps": "Point(35.440833333 32.721944444)",
        "population": "3466",
        "info": "הוא מועצה מקומית במחוז הצפון בישראל, סמוך לכביש 767 (כביש כפר תבור-כנרת)."
    },
    {
        "cityLabel": "כפר קרע",
        "gps": "Point(35.053822222 32.505802777)",
        "population": "17689",
        "info": "היא מועצה מקומית ערבית במחוז חיפה בישראל."
    },
    {
        "cityLabel": "ביר אל-מכסור",
        "gps": "Point(35.220555555 32.777222222)",
        "population": "8709",
        "info": "הוא יישוב בדואי, במעמד של מועצה מקומית, השוכן במחוז הצפון בישראל."
    },
    {
        "cityLabel": "קריית טבעון",
        "gps": "Point(35.127222222 32.723888888)",
        "population": "14000",
        "info": "היא מועצה מקומית במחוז חיפה בישראל."
    },
    {
        "cityLabel": "בועיינה-נוג'ידאת",
        "gps": "Point(35.365 32.805833333)",
        "population": "10400",
        "info": "היא מועצה מקומית בגליל התחתון, במחוז הצפון בישראל."
    },
    {
        "cityLabel": "כסרא-סמיע",
        "gps": "Point(35.302308333 32.963827777)",
        "population": "8487",
        "info": "היא מועצה מקומית במחוז הצפון בישראל בגליל העליון השוכנת בגובה שבין 600 ל-770 מטר מעל פני הים."
    },
    {
        "cityLabel": "דלית אל-כרמל",
        "gps": "Point(35.049444444 32.693055555)",
        "population": "17000",
        "info": "היא מועצה מקומית במחוז חיפה בישראל."
    },
    {
        "cityLabel": "כפר שמריהו",
        "gps": "Point(34.821944444 32.185555555)",
        "population": "1856",
        "info": "היא מועצה מקומית במחוז תל אביב בישראל."
    },
    {
        "cityLabel": "עיילבון",
        "gps": "Point(35.400761111 32.8384)",
        "population": "5558",
        "info": "היא מועצה מקומית במחוז הצפון בישראל."
    },
    {
        "cityLabel": "יבנאל",
        "gps": "Point(35.4994 32.709497)",
        "population": "4092",
        "info": "היא מושבה ותיקה ומועצה מקומית בדרום מזרח הגליל התחתון."
    },
    {
        "cityLabel": "שעב",
        "gps": "Point(35.236944444 32.888888888)",
        "population": "6625",
        "info": "היא מועצה מקומית במחוז הצפון בישראל, השוכנת במערב הגליל התחתון."
    },
    {
        "cityLabel": "שבלי - אום אל-גנם",
        "gps": "Point(35.405555555 32.6825)",
        "population": "5694",
        "info": "היא מועצה מקומית במחוז הצפון בישראל."
    },
    {
        "cityLabel": "יאנוח-ג'ת",
        "gps": "Point(35.2499 32.9819)",
        "population": "6253",
        "info": "היא מועצה מקומית בגליל המערבי בישראל."
    },
    {
        "cityLabel": "פוריידיס",
        "gps": "Point(34.9506 32.596541666)",
        "population": "12389",
        "info": "היא מועצה מקומית במחוז חיפה בישראל, הממוקמת במורדות המערביים של רכס הכרמל."
    },
    {
        "cityLabel": "אזור",
        "gps": "Point(34.816666666 32.016666666)",
        "population": "13481",
        "info": "היא מועצה מקומית במחוז תל אביב בישראל, ליד כביש 44."
    },
    {
        "cityLabel": "מיתר",
        "gps": "Point(34.94 31.326388888)",
        "population": "7341",
        "info": "null"
    },
    {
        "cityLabel": "אבן יהודה",
        "gps": "Point(34.887427777 32.270025)",
        "population": "13704",
        "info": "היא מועצה מקומית בשרון במחוז המרכז בישראל."
    },
    {
        "cityLabel": "גני תקווה",
        "gps": "Point(34.874444444 32.061111111)",
        "population": "16053",
        "info": "היא מועצה מקומית בבקעת אונו, מחוז המרכז בישראל, מצפון לסביון, מדרום לפתח תקווה וכפר מעש, ממזרח לקריית אונו."
    },
    {
        "cityLabel": "נופית",
        "gps": "Point(35.146397222 32.7597)",
        "population": "2726",
        "info": "הוא יישוב קהילתי כפרי במערב הגליל התחתון, בתחום שיפוטה של המועצה האזורית זבולון."
    },
    {
        "cityLabel": "בני דרור",
        "gps": "Point(34.901297222 32.2618)",
        "population": "1224",
        "info": "הוא מושב באזור השרון ליד העיר נתניה השייך למועצה אזורית לב השרון."
    },
    {
        "cityLabel": "מנחמיה",
        "gps": "Point(35.554 32.6677)",
        "population": "1033",
        "info": "היא מושבה בקצה הצפוני של המועצה האזורית עמק המעיינות, ממוקמת בקרבת כביש 90, כחמישה קילומטר דרומית לצמח וכ-18 קילומטר מצפון לבית שאן."
    },
    {
        "cityLabel": "מגדל",
        "gps": "Point(35.499294444 32.839077777)",
        "population": "1812",
        "info": "הוא מבנה גבוה משמעותית ביחס לשטח הבסיס שלו."
    },
    {
        "cityLabel": "עין ראפה",
        "gps": "Point(35.116277777 31.790647222)",
        "population": "1138",
        "info": "הוא כפר ערבי, ממוקם כ-10 ק\"מ מערבית לירושלים, בוואדי שבין כביש 1 ואבו גוש מצפון וצובה מדרום."
    },
    {
        "cityLabel": "יקנעם",
        "gps": "Point(35.100297222 32.6539)",
        "population": "1345",
        "info": "null"
    },
    {
        "cityLabel": "סלאמה",
        "gps": "Point(35.37063889 32.89431944)",
        "population": "3083",
        "info": "null"
    },
    {
        "cityLabel": "אליכין",
        "gps": "Point(34.924658333 32.408525)",
        "population": "3483",
        "info": "היא מועצה מקומית במחוז המרכז בישראל, שוכנת כקילומטר דרומית לחדרה, ליד המושב חרב לאת."
    },
    {
        "cityLabel": "בית דגן",
        "gps": "Point(34.829247222 32.002688888)",
        "population": "7099",
        "info": "היא מועצה מקומית במחוז המרכז הסמוכה מצפון לראשון לציון, וקרויה על שם עיר מקראית ותלמודית בשם זה."
    },
    {
        "cityLabel": "פסוטה",
        "gps": "Point(35.305833333 33.049444444)",
        "population": "3055",
        "info": "היא מועצה מקומית במחוז הצפון בישראל."
    },
    {
        "cityLabel": "כמאנה",
        "gps": "Point(35.338697222 32.911038888)",
        "population": "1415",
        "info": "הוא כפר בדואי בגליל, בתחומי המועצה האזורית משגב."
    },
    {
        "cityLabel": "כפר הס",
        "gps": "Point(34.9348 32.246497222)",
        "population": "1581",
        "info": "הוא מושב בשרון, במועצה אזורית לב השרון (לשעבר הדר השרון, עד האיחוד עם המועצה האזורית השרון הצפוני)."
    },
    {
        "cityLabel": "בית חשמונאי",
        "gps": "Point(34.9161 31.890497222)",
        "population": "2171",
        "info": "null"
    },
    {
        "cityLabel": "מעגלים",
        "gps": "Point(34.598797222 31.396697222)",
        "population": "1969",
        "info": "הוא יישוב קהילתי דתי בנגב הצפוני מערבי, מדרום לנתיבות, המהווה חלק ממועצה אזורית שדות נגב והמשתייך לארגון יישובי הפועל המזרחי."
    },
    {
        "cityLabel": "מצפה רמון",
        "gps": "Point(34.801666666 30.612777777)",
        "population": "4998",
        "info": "היא מועצה מקומית במחוז הדרום בישראל."
    },
    {
        "cityLabel": "יהוד-מונוסון",
        "gps": "Point(34.879616666 32.028380555)",
        "population": "29689",
        "info": "היא עיר במזרח בקעת אונו במחוז מרכז."
    },
    {
        "cityLabel": "הושעיה",
        "gps": "Point(35.293397222 32.7582)",
        "population": "1929",
        "info": "הוא יישוב קהילתי דתי בגליל התחתון, כשישה ק\"מ צפונית לנצרת, בתחום השיפוט של המועצה האזורית עמק יזרעאל."
    },
    {
        "cityLabel": "אלעד",
        "gps": "Point(34.951241666 32.052316666)",
        "population": "46896",
        "info": "היא עיר בעלת אוכלוסייה דתית-חרדית במחוז המרכז בישראל, ."
    },
    {
        "cityLabel": "ניצן",
        "gps": "Point(34.6248 31.735497222)",
        "population": "1853",
        "info": "הוא שמו של כל אחד מקודקודי הצמיחה בגבעולי הצמחים בעלי הזרע."
    },
    {
        "cityLabel": "גבעת אבני",
        "gps": "Point(35.438611111 32.775277777)",
        "population": "2090",
        "info": "הוא יישוב קהילתי בגליל התחתון, השייך למועצה אזורית הגליל התחתון."
    },
    {
        "cityLabel": "מדרשת בן-גוריון",
        "gps": "Point(34.7834 30.852297222)",
        "population": "1787",
        "info": "היא יישוב קהילתי בקרבת קיבוץ שדה בוקר שברמת הנגב, בין באר שבע למצפה רמון, ובו מוסדות חינוך ומחקר."
    },
    {
        "cityLabel": "גבעת שמואל",
        "gps": "Point(34.848888888 32.078055555)",
        "population": "25298",
        "info": "היא עיר במחוז המרכז בישראל הגובלת עם רמת גן בדרום-מערב, פתח תקווה במזרח ובצפון, בני ברק במערב וקריית אונו בדרום."
    },
    {
        "cityLabel": "זכרון יעקב",
        "gps": "Point(34.951666666 32.570833333)",
        "population": "22984",
        "info": "היא מועצה מקומית במחוז חיפה בישראל."
    },
    {
        "cityLabel": "כפר יונה",
        "gps": "Point(34.932777777 32.315)",
        "population": "28025",
        "info": "היא עיר בישראל, בין הערים נתניה וטולכרם, בצומת המרכזי שבין כביש 6 וכביש 4."
    },
    {
        "cityLabel": "צור הדסה",
        "gps": "Point(35.097627777 31.719213888)",
        "population": "7392",
        "info": "הוא יישוב קהילתי בפרוזדור ירושלים, הממוקם כ-12 ק\"מ דרומית-מערבית לירושלים בגובה 755 מטרים מעל פני הים."
    },
    {
        "cityLabel": "גבעת אלה",
        "gps": "Point(35.2436 32.7218)",
        "population": "1911",
        "info": "הוא יישוב קהילתי חילוני בדרום הגליל התחתון, חמישה קילומטרים צפונית למגדל העמק וחמישה ק\"מ מערבית לנצרת, בתחום השיפוט של המועצה האזורית ע."
    },
    {
        "cityLabel": "ניצן ב'",
        "gps": "Point(34.635 31.7354)",
        "population": "1349",
        "info": "הוא יישוב זמני המיועד לאכלוס מפוני תוכנית ההתנתקות מרצועת עזה."
    },
    {
        "cityLabel": "פוריה - נווה עובד",
        "gps": "Point(35.538938888 32.744311111)",
        "population": "1114",
        "info": "הוא יישוב קהילתי באזור הצפון ליד העיר טבריה, על רכס פוריה ושייך למועצה אזורית עמק הירדן, היישוב שוכן סמוך לבית החולים פוריה."
    },
    {
        "cityLabel": "כרמי יוסף",
        "gps": "Point(34.9204 31.848297222)",
        "population": "1674",
        "info": "הוא יישוב קהילתי בשפלה ממזרח לרחובות ולרמלה, ו."
    },
    {
        "cityLabel": "בנימינה-גבעת עדה",
        "gps": "Point(34.945 32.522222222)",
        "population": "14777",
        "info": "היא מועצה מקומית במחוז חיפה בישראל."
    },
    {
        "cityLabel": "מבועים",
        "gps": "Point(34.6535 31.4492)",
        "population": "1161",
        "info": "הוא יישוב קהילתי בנגב הצפוני, מצפון-מזרח לעיר נתיבות וצפונית לעיר רהט, בתחום המועצה האזורית מרחבים."
    },
    {
        "cityLabel": "צור יצחק",
        "gps": "Point(34.997377777 32.241047222)",
        "population": "4246",
        "info": "הוא יישוב קהילתי השייך למועצה אזורית דרום השרון וממוקם צפונית לכוכב יאיר, מערבית לצור נתן וסמוך לטייבה."
    },
    {
        "cityLabel": "אלון הגליל",
        "gps": "Point(35.220597222 32.7571)",
        "population": "1086",
        "info": "הוא יישוב קהילתי בגליל התחתון, סמוך למחלף המוביל, בתחום השיפוט של המועצה האזורית עמק יזרעאל."
    },
    {
        "cityLabel": "קלנסווה",
        "gps": "Point(34.981111111 32.285)",
        "population": "21451",
        "info": "היא עיר ערבית בשרון אשר במחוז המרכז בישראל."
    },
    {
        "cityLabel": "יובלים",
        "gps": "Point(35.272 32.8778)",
        "population": "1131",
        "info": "הוא יישוב קהילתי הנמצא בגליל התחתון, בתחום השיפוט של המועצה האזורית משגב."
    },
    {
        "cityLabel": "מורשת",
        "gps": "Point(35.235197222 32.827897222)",
        "population": "1424",
        "info": "null"
    },
    {
        "cityLabel": "גילון",
        "gps": "Point(35.2357 32.9031)",
        "population": "1082",
        "info": "הוא יישוב קהילתי בגליל התחתון בתחומי המועצה האזורית משגב."
    },
    {
        "cityLabel": "רכסים",
        "gps": "Point(35.100802777 32.748827777)",
        "population": "10682",
        "info": "היא מועצה מקומית במחוז חיפה, הממוקמת בעמק זבולון, כ-5 ק\"מ מדרום מזרח לחיפה, מצפון לכפר חסידים ומדרום לאבטין."
    },
    {
        "cityLabel": "אילת",
        "gps": "Point(34.95 29.55)",
        "population": "51935",
        "info": "היא העיר הדרומית ביותר במדינת ישראל והיחידה בה לחופי הים האדום, ו."
    },
    {
        "cityLabel": "באר יעקב",
        "gps": "Point(34.839166666 31.943611111)",
        "population": "18401",
        "info": "היא עיר בשפלה הדרומית בישראל בקרבת הערים נס ציונה, רמלה וראשון לציון, ובנוסף, סמוכה לבסיס הצבאי צריפין."
    },
    {
        "cityLabel": "גן יבנה",
        "gps": "Point(34.705277777 31.788611111)",
        "population": "22453",
        "info": "היא מועצה מקומית במחוז המרכז בישראל הנמצאת מזרחית לאשדוד."
    },
    {
        "cityLabel": "תל צפית",
        "gps": "Point(34.84669444 31.699375)",
        "population": "1290",
        "info": "היא תל בקרבת כפר מנחם המזוהה כגת פלשתים."
    },
    {
        "cityLabel": "ערב אל עראמשה",
        "gps": "Point(35.228627777 33.09005)",
        "population": "1604",
        "info": "הוא כפר בדואי בצפון ישראל ליד הגבול בין ישראל ללבנון  השייך למועצה אזורית מטה אשר."
    },
    {
        "cityLabel": "בני עי\"ש",
        "gps": "Point(34.75 31.78333)",
        "population": "6998",
        "info": "היא מועצה מקומית במחוז המרכז בישראל, סמוך לכביש 40 דרומית לגדרה."
    },
    {
        "cityLabel": "טובא-זנגרייה",
        "gps": "Point(35.593205555 32.965977777)",
        "population": "6270",
        "info": "הוא יישוב בדואי ברמת כורזים, ממזרח לראש פינה."
    },
    {
        "cityLabel": "מייסר",
        "gps": "Point(35.041944444 32.444722222)",
        "population": "1880",
        "info": "הוא כפר ערבי-ישראלי באזור המשולש, הנמצא בתחום המועצה האזורית מנשה."
    },
    {
        "cityLabel": "באקה אל-גרבייה",
        "gps": "Point(35.042180555 32.420327777)",
        "population": "18000",
        "info": "היא עיר בצפון השרון בסמוך לקו הירוק."
    },
    {
        "cityLabel": "ג'לג'וליה",
        "gps": "Point(34.953611111 32.154722222)",
        "population": "9361",
        "info": "היא מועצה מקומית במחוז המרכז בישראל, 3 ק\"מ מזרחית לכפר סבא."
    },
    {
        "cityLabel": "מועצה אזורית חוף עזה",
        "gps": "Point(34.27455278 31.354975)",
        "population": "8900",
        "info": "null"
    },
    {
        "cityLabel": "סנדלה",
        "gps": "Point(35.31666667 32.51666667)",
        "population": "1572",
        "info": "הוא כפר ערבי-ישראלי באזור הצפון ליד עפולה השייך למועצה אזורית הגלבוע."
    },
    {
        "cityLabel": "כפר מנדא",
        "gps": "Point(35.266666666 32.816666666)",
        "population": "18509",
        "info": "היא הוכרזה כמועצה מקומית ב."
    },
    {
        "cityLabel": "גן נר",
        "gps": "Point(35.3385 32.531397222)",
        "population": "2643",
        "info": "הוא יישוב קהילתי השוכן בשיפולי הר גיבורים שבגלבוע, בתחום השיפוט של מועצה האזורית גלבוע."
    },
    {
        "cityLabel": "כפר ורדים",
        "gps": "Point(35.275208333 32.996011111)",
        "population": "5446",
        "info": "היא מועצה מקומית במחוז הצפון בישראל המשתייכת לאשכול רשויות גליל מערבי."
    },
    {
        "cityLabel": "עין נקובא",
        "gps": "Point(35.118388888 31.79335)",
        "population": "3064",
        "info": "הוא כפר ערבי ישראלי הממוקם ממערב לירושלים ושייך למועצה אזורית מטה יהודה."
    },
    {
        "cityLabel": "כפר ברא",
        "gps": "Point(34.971944444 32.130555555)",
        "population": "3354",
        "info": "היא מועצה מקומית במחוז המרכז בישראל, כק\"מ מצפון לכפר קאסם."
    },
    {
        "cityLabel": "פקיעין",
        "gps": "Point(35.3344 32.9769)",
        "population": "5800",
        "info": "היא מועצה מקומית במחוז הצפון בישראל."
    },
    {
        "cityLabel": "מרכז שפירא",
        "gps": "Point(34.7068 31.696797222)",
        "population": "2179",
        "info": "הוא יישוב קהילתי דתי לאומי בשפלה, בתחום מועצה אזורית שפיר, סמוך לכביש 3 בין צומת ראם-מסמיה לאשקלון."
    },
    {
        "cityLabel": "ריחאניה",
        "gps": "Point(35.4876 33.048366666)",
        "population": "1218",
        "info": "הוא יישוב בגליל העליון, כ-8 קילומטרים צפונית לצפת."
    },
    {
        "cityLabel": "טל-אל",
        "gps": "Point(35.1792 32.926997222)",
        "population": "1110",
        "info": "הוא יישוב קהילתי בגליל, בתחומי המועצה האזורית משגב."
    },
    {
        "cityLabel": "סולם",
        "gps": "Point(35.334305555 32.605633333)",
        "population": "4567",
        "info": "הוא כלי המשמש לטיפוס לגובה."
    },
    {
        "cityLabel": "נאעורה",
        "gps": "Point(35.390997222 32.614291666)",
        "population": "2131",
        "info": "הוא כפר ערבי הנמצא כ-10 קילומטרים ממזרח לעפולה למרגלות גבעת המורה בתחום המועצה האזורית הגלבוע."
    },
    {
        "cityLabel": "ראמה",
        "gps": "Point(35.367113888 32.93925)",
        "population": "7728",
        "info": "null"
    },
    {
        "cityLabel": "מג'ד אל-כרום",
        "gps": "Point(35.256944444 32.921388888)",
        "population": "14774",
        "info": "היא מועצה מקומית ערבית-מוסלמית במחוז הצפון בישראל."
    },
    {
        "cityLabel": "מנשייה זבדה",
        "gps": "Point(35.192180555 32.704169444)",
        "population": "1212",
        "info": "הוא כפר ערבי בצפון עמק יזרעאל, ליד רמת ישי, בתחום השיפוט של המועצה האזורית עמק יזרעאל."
    },
    {
        "cityLabel": "אכסאל",
        "gps": "Point(35.324444444 32.6825)",
        "population": "14245",
        "info": "היא מועצה מקומית במחוז הצפון בישראל, הממוקמת בבקעת כסולות שבעמק יזרעאל, למרגלות הרי נצרת שבגליל התחתון."
    },
    {
        "cityLabel": "שמשית",
        "gps": "Point(35.2468 32.733197222)",
        "population": "2594",
        "info": "הוא יישוב קהילתי בגליל התחתון, בתחום השיפוט של המועצה האזורית עמק יזרעאל."
    },
    {
        "cityLabel": "עילוט",
        "gps": "Point(35.2625 32.716666666)",
        "population": "7582",
        "info": "היא מועצה מקומית במחוז הצפון בישראל."
    },
    {
        "cityLabel": "אום אל-קוטוף",
        "gps": "Point(35.066666666 32.466666666)",
        "population": "1071",
        "info": "הוא כפר ערבי ישראלי ליד ואדי עארה, הנמצא בתחום המועצה האזורית מנשה החל משנת 1974."
    },
    {
        "cityLabel": "זרזיר",
        "gps": "Point(35.215555555 32.7275)",
        "population": "7460",
        "info": "null"
    },
    {
        "cityLabel": "כפר חב\"ד",
        "gps": "Point(34.851997222 31.9887)",
        "population": "6048",
        "info": "הוא יישוב במועצה האזורית שדות דן."
    },
    {
        "cityLabel": "אבו קרינאת",
        "gps": "Point(34.953002777 31.102038888)",
        "population": "1218",
        "info": "הוא יישוב בדואי בנגב, כ-4 ק\"מ מצפון מערב לדימונה, לצד כביש 25."
    },
    {
        "cityLabel": "נוף איילון",
        "gps": "Point(34.991197222 31.870997222)",
        "population": "2129",
        "info": "הוא יישוב קהילתי תורני שנוסד 1994 ונמצא בתחומי מועצה אזורית גזר, בה ."
    },
    {
        "cityLabel": "רומת אל-הייב",
        "gps": "Point(35.30571 32.77802)",
        "population": "1882",
        "info": "הוא כפר בדואי בבקעת בית נטופה, מצפון לציפורי, השייך למועצה אזורית אל-בטוף (נטופה)."
    },
    {
        "cityLabel": "מזכרת בתיה",
        "gps": "Point(34.84195 31.854541666)",
        "population": "12698",
        "info": "היא מועצה מקומית במחוז המרכז."
    },
    {
        "cityLabel": "בסמת טבעון",
        "gps": "Point(35.156944444 32.740277777)",
        "population": "7507",
        "info": "היא מועצה מקומית בדואית במחוז הצפון בישראל."
    },
    {
        "cityLabel": "קסר א-סיר",
        "gps": "Point(34.978611111 31.083055555)",
        "population": "1406",
        "info": "הוא כפר בדואי, הממוקם בתוך ריכוז השבט הבדואי הוואשלה, כ-2."
    },
    {
        "cityLabel": "אום בטין",
        "gps": "Point(34.884852777 31.280311111)",
        "population": "3443",
        "info": "הוא יישוב בדואי, שהוכר בשנת 2005 לפי החלטת ממשלה משנת 2003 על הקמת מספר יישוב."
    },
    {
        "cityLabel": "קדימה-צורן",
        "gps": "Point(34.915277777 32.277777777)",
        "population": "20514",
        "info": "היא מועצה מקומית בשרון שנוצרה בשנת 2003 בעקבות החלטה של הכנסת על איחודן של המועצות המקומיות של קדימה ושל צורן."
    },
    {
        "cityLabel": "כפר יאסיף",
        "gps": "Point(35.165277777 32.954722222)",
        "population": "9587",
        "info": "הוא מועצה מקומית במחוז הצפון בישראל, כ-8 ק\"מ מצפון-מזרח לעכו, על כביש 70, ליד המועצה המקומית אבו סנאן."
    },
    {
        "cityLabel": "עצמון-שגב",
        "gps": "Point(35.251308333 32.866430555)",
        "population": "1069",
        "info": "הוא יישוב קהילתי במועצה אזורית משגב אשר נוסד לראשונה כהיאחזות נח\"ל שגב בשנת 1953, ס."
    },
    {
        "cityLabel": "קריית עקרון",
        "gps": "Point(34.823055555 31.860966666)",
        "population": "10747",
        "info": "היא מועצה מקומית השוכנת דרומית-מזרחית לרחובות, סמוכה למזכרת בתיה ושייכת מנהלית למחוז המרכז של מדינת ישראל."
    },
    {
        "cityLabel": "ביר הדאג'",
        "gps": "Point(34.695938888 30.977241666)",
        "population": "4583",
        "info": "הוא כפר בדואי באזור הנגב הצפוני, בקרבת הקיבוץ רביבים והיישוב הקהילתי רתמים."
    },
    {
        "cityLabel": "כאוכב אבו אל-היג׳א",
        "gps": "Point(35.248888888 32.831388888)",
        "population": "3900",
        "info": "null"
    },
    {
        "cityLabel": "אבטין",
        "gps": "Point(35.113197222 32.760047222)",
        "population": "2759",
        "info": "הוא יישוב בדואי בעמק זבולון, השוכן בין רכסים לבית העלמין תל רגב, כארבעה קילומטרים מדרום לקריית אתא."
    },
    {
        "cityLabel": "יסוד המעלה",
        "gps": "Point(35.604166666 33.056111111)",
        "population": "1644",
        "info": "היא מושבה ומועצה מקומית בדרום עמק החולה."
    },
    {
        "cityLabel": "אבו סנאן",
        "gps": "Point(35.172777777 32.9575)",
        "population": "13694",
        "info": "היא מועצה מקומית במחוז הצפון בישראל."
    },
    {
        "cityLabel": "כפר כנא",
        "gps": "Point(35.35 32.75)",
        "population": "23000",
        "info": "היא מועצה מקומית בגליל התחתון, כשישה ק\"מ צפונית-מזרחית למרכז העיר נצרת."
    },
    {
        "cityLabel": "קריית יערים",
        "gps": "Point(35.100555555 31.803611111)",
        "population": "4840",
        "info": "היא מועצה מקומית בפרוזדור ירושלים, המאופיינת באוכלוסייה דתית-חרדית."
    },
    {
        "cityLabel": "רמת ישי",
        "gps": "Point(35.165 32.703333333)",
        "population": "7478",
        "info": "היא מועצה מקומית במחוז הצפון בישראל, השוכנת בצפון עמק יזרעאל על כביש טבעון-נצרת, כ-4 ק\"מ ממזרח לקריית טבעון."
    },
    {
        "cityLabel": "עדי",
        "gps": "Point(35.173997222 32.7834)",
        "population": "1860",
        "info": "הוא יישוב קהילתי באזור הצפון ליד שפרעם השייך למועצה אזורית עמק יזרעאל."
    },
    {
        "cityLabel": "גילת",
        "gps": "Point(34.649997222 31.328497222)",
        "population": "1323",
        "info": "הוא מושב ישראלי הממוקם בצפון הנגב ליד העיר אופקים ושייך למועצה האזורית מרחבים."
    },
    {
        "cityLabel": "כאבול",
        "gps": "Point(35.211388888 32.868333333)",
        "population": "14905",
        "info": "היא מועצה מקומית במחוז הצפון בישראל."
    },
    {
        "cityLabel": "נירית",
        "gps": "Point(34.982997222 32.1439)",
        "population": "1169",
        "info": "הוא יישוב קהילתי באזור השרון, ליד היישוב מתן ויער חורשים."
    },
    {
        "cityLabel": "ג'וליס",
        "gps": "Point(35.186666666 32.943888888)",
        "population": "6118",
        "info": "היא מועצה מקומית במחוז הצפון בישראל."
    },
    {
        "cityLabel": "כוכב יאיר צור יגאל",
        "gps": "Point(35.000555555 32.228055555)",
        "population": "9054",
        "info": "היא מועצה מקומית במזרח השרון שבמחוז המרכז בישראל."
    },
    {
        "cityLabel": "כמון",
        "gps": "Point(35.3607 32.911)",
        "population": "1357",
        "info": "הוא צמח תבלין חד-שנתי ממשפחת הסוככיים."
    },
    {
        "cityLabel": "כסייפה",
        "gps": "Point(35.092777777 31.245277777)",
        "population": "19069",
        "info": "היא מועצה מקומית במחוז הדרום בישראל, כ-10 ק\"מ ממערב לערד."
    },
    {
        "cityLabel": "שגור",
        "gps": "Point(35.263797222 32.926355555)",
        "population": "14774",
        "info": "null"
    },
    {
        "cityLabel": "מבשרת ציון",
        "gps": "Point(35.154722222 31.803611111)",
        "population": "24445",
        "info": "היא מועצה מקומית בעלת צביון פרוורי-עירוני השוכנת על רכס בהרי ירושלים, ממערב לירושלים."
    },
    {
        "cityLabel": "שגב שלום",
        "gps": "Point(34.837777777 31.196111111)",
        "population": "9119",
        "info": "היא מועצה מקומית במחוז הדרום בישראל."
    },
    {
        "cityLabel": "אבן שמואל",
        "gps": "Point(34.7629 31.575397222)",
        "population": "1941",
        "info": "הוא יישוב קהילתי דתי לאומי ישראלי במועצה האזורית שפיר הממוקם במרכז חבל לכיש, כחלק מ- הפועל המזרחי."
    },
    {
        "cityLabel": "אורנית",
        "gps": "Point(34.995211111 32.129305555)",
        "population": "8495",
        "info": "היא התנחלות קהילתית במעמד של מועצה מקומית, השוכנת בשיפולים הדרום-מערביים של הרי השומרון, דרומית לאפיק נחל קנה."
    },
    {
        "cityLabel": "תמרת",
        "gps": "Point(35.224897222 32.7034)",
        "population": "1332",
        "info": "הוא יישוב קהילתי בשיפולי הגליל התחתון לכיוון עמק יזרעאל, סמוך למושב נהלל."
    },
    {
        "cityLabel": "יד בנימין",
        "gps": "Point(34.8213 31.7972)",
        "population": "3849",
        "info": "הוא יישוב קהילתי דתי בדרום השפלה, כ-3 ק\"מ מצומת ראם, בתחומי מועצה אזורית נחל שורק."
    },
    {
        "cityLabel": "ירכא",
        "gps": "Point(35.183333333 32.933333333)",
        "population": "16244",
        "info": "הוא יישוב דרוזי במחוז הצפון בישראל."
    },
    {
        "cityLabel": "ראש פינה",
        "gps": "Point(35.542455555 32.969086111)",
        "population": "2908",
        "info": "היא מושבה ומועצה מקומית במורדות הגליל העליון למרגלות הר כנען והעיר צפת, ובסמיכות לחצור הגלילית."
    },
    {
        "cityLabel": "רמות השבים",
        "gps": "Point(34.887397222 32.168797222)",
        "population": "1651",
        "info": "הוא יישוב במועצה אזורית דרום השרון הנמצא מדרום למחלף רעננה דרום המחבר בין כביש 4 לכביש 531."
    },
    {
        "cityLabel": "שלומי",
        "gps": "Point(35.15 33.083333333)",
        "population": "6172",
        "info": "היא מועצה מקומית במחוז הצפון בישראל."
    },
    {
        "cityLabel": "מע׳אר",
        "gps": "Point(35.408333333 32.89)",
        "population": "23422",
        "info": "null"
    },
    {
        "cityLabel": "אבו גוש",
        "gps": "Point(35.1125 31.804722222)",
        "population": "6978",
        "info": "היא מועצה מקומית במחוז ירושלים בישראל, השוכנת בהרי יהודה, מערבית ליישוב מבשרת ציון, לאורך צ."
    },
    {
        "cityLabel": "קיסריה",
        "gps": "Point(34.9 32.5)",
        "population": "4853",
        "info": "היא עיר נמל שהוקמה בשנים 13–25 לפנה\"ס."
    },
    {
        "cityLabel": "עין מאהל",
        "gps": "Point(35.35217778 32.72301944)",
        "population": "15000",
        "info": "היא מועצה מקומית במחוז הצפון בישראל."
    },
    {
        "cityLabel": "ירוחם",
        "gps": "Point(34.933888888 30.988888888)",
        "population": "9078",
        "info": "היא מועצה מקומית במחוז הדרום בישראל."
    },
    {
        "cityLabel": "ג'דיידה-מכר",
        "gps": "Point(35.156944444 32.928333333)",
        "population": "20078",
        "info": "היא מועצה מקומית ערבית במחוז הצפון בישראל."
    },
    {
        "cityLabel": "פרדסיה",
        "gps": "Point(34.910947 32.302786)",
        "population": "5563",
        "info": "היא מועצה מקומית בשרון, מזרחית לנתניה ומוקפת במושבים השייכים למועצה אזורית לב השרון."
    },
    {
        "cityLabel": "א-סייד",
        "gps": "Point(34.916111111 31.284444444)",
        "population": "3796",
        "info": "הוא שבט בדואי בנגב, שהוכר על ידי מדינת ישראל כיישוב ונמצא בתחומי מועצה אזורית אל קסום."
    },
    {
        "cityLabel": "נין",
        "gps": "Point(35.35 32.633333333)",
        "population": "1766",
        "info": "הוא צאצא של נכדו או נכדתו של אותו יצור."
    },
    {
        "cityLabel": "להבים",
        "gps": "Point(34.814722222 31.368611111)",
        "population": "6442",
        "info": "היא מועצה מקומית במחוז הדרום בישראל."
    },
    {
        "cityLabel": "לקיה",
        "gps": "Point(34.858333333 31.326388888)",
        "population": "11781",
        "info": "היא מועצה מקומית במחוז הדרום בישראל."
    },
    {
        "cityLabel": "שיח' דנון",
        "gps": "Point(35.147844444 32.991602777)",
        "population": "2742",
        "info": "הוא כפר ערבי בגליל המערבי, הממוקם כארבעה קילומטרים מזרחית לנהריה ושייך למועצה האזורית מטה אשר."
    },
    {
        "cityLabel": "תל שבע",
        "gps": "Point(34.859444444 31.249166666)",
        "population": "13000",
        "info": "היא מועצה מקומית במחוז הדרום בישראל, והוכרזה כמועצה מקומית בשנת 1984."
    },
    {
        "cityLabel": "שוהם",
        "gps": "Point(34.942777777 31.996666666)",
        "population": "20403",
        "info": "null"
    },
    {
        "cityLabel": "כפר מצר",
        "gps": "Point(35.4224 32.645369444)",
        "population": "5000",
        "info": "הוא כפר ערבי באזור הצפון, השייך למועצה אזורית בוסתן אל-מרג'."
    },
    {
        "cityLabel": "חורה",
        "gps": "Point(34.931111111 31.294166666)",
        "population": "23969",
        "info": "היא מועצה מקומית במחוז הדרום בישראל."
    },
    {
        "cityLabel": "סאג'ור",
        "gps": "Point(35.319586111 32.93165)",
        "population": "4014",
        "info": "היא מועצה מקומית במחוז הצפון בישראל."
    },
    {
        "cityLabel": "תל מונד",
        "gps": "Point(34.918611111 32.254444444)",
        "population": "11941",
        "info": "היא מועצה מקומית במחוז המרכז בישראל."
    },
    {
        "cityLabel": "עתלית",
        "gps": "Point(34.938333333 32.687222222)",
        "population": "6818",
        "info": "היא יישוב במעמד מוניציפלי של ועד מקומי במועצה אזורית חוף הכרמל במחוז חיפה בישראל."
    },
    {
        "cityLabel": "נוה דקלים",
        "gps": "Point(34.275 31.356666666)",
        "population": "2600",
        "info": "null"
    },
    {
        "cityLabel": "בית ג'ן",
        "gps": "Point(35.379444444 32.965277777)",
        "population": "5000",
        "info": "היא מועצה מקומית בהרי הגליל העליון, אשר כלל תושביה הם דרוזים."
    },
    {
        "cityLabel": "גבעת שאול",
        "gps": "Point(35.19186944 31.789325)",
        "population": "8969",
        "info": "היא שכונה ואזור תעשייה במערב ירושלים, מדרום לכביש 1."
    },
    {
        "cityLabel": "גוננים",
        "gps": "Point(35.20342222 31.75516389)",
        "population": "17264",
        "info": "היא שכונה בדרום-מערב ירושלים, המורכבת משמונה תת-שכונות."
    },
    {
        "cityLabel": "סילואן",
        "gps": "Point(35.237 31.77)",
        "population": "19771",
        "info": "היא שכונה ערבית עם מיעוט יהודי במזרח ירושלים, על שלוחה היורדת מהר הזיתים דרומה, ומשני צדי נחל קדרון בסמיכות לא."
    },
    {
        "cityLabel": "בוקעאתא",
        "gps": "Point(35.779722222 33.201388888)",
        "population": "6329",
        "info": "היא מועצה מקומית במחוז הצפון בישראל."
    },
    {
        "cityLabel": "עארה",
        "gps": "Point(35.078122222 32.505691666)",
        "population": "4600",
        "info": "הוא כפר ערבי מוסלמי בעמק נחל עירון, בצדו הצפוני של כביש 65, בין כפר קרע לערערה."
    },
    {
        "cityLabel": "מסעדה",
        "gps": "Point(35.740833333 33.233055555)",
        "population": "3520",
        "info": "היא בית עסק לממכר מזון מוכן ומשקאות לצריכת הפוקדים אותו."
    },
    {
        "cityLabel": "מג'דל שמס",
        "gps": "Point(35.770555555 33.269166666)",
        "population": "15973",
        "info": "היא מועצה מקומית במחוז הצפון בישראל ויישוב דרוזי השוכן צפונית לרמת הגולן במורדות הר החרמון."
    },
    {
        "cityLabel": "דריג'את",
        "gps": "Point(35.076213888 31.299416666)",
        "population": "1065",
        "info": "הוא יישוב ערבי בצפון הנגב בקרבת תל ערד."
    },
    {
        "cityLabel": "כפר תבור",
        "gps": "Point(35.420222222 32.687138888)",
        "population": "3796",
        "info": "היא מועצה מקומית במחוז הצפון בישראל השוכנת למרגלות הר תבור שבגליל התחתון המזרחי."
    },
    {
        "cityLabel": "טורעאן",
        "gps": "Point(35.375675 32.776936111)",
        "population": "13337",
        "info": "היא מועצה מקומית בגליל התחתון במחוז הצפון בישראל."
    },
    {
        "cityLabel": "עין קנייא",
        "gps": "Point(35.73083333 33.23694444)",
        "population": "1945",
        "info": "הוא כפר דרוזי במורדות הר חרמון."
    }
]